artist_name,count_spotify,count_tiktok,spotify_count,tiktok_count,sizeratio,data_src
Bad Bunny,29.0,,0.0,0.0,0.04489164086687306,spotify
Kendrick Lamar,21.0,,0.0,0.0,0.032507739938080496,spotify
Beyoncé,16.0,,0.0,0.0,0.02476780185758514,spotify
Taylor Swift,8.0,,0.0,0.0,0.01238390092879257,spotify
BTS,8.0,,0.0,0.0,0.01238390092879257,spotify
Labrinth,8.0,,0.0,0.0,0.01238390092879257,spotify
Eminem,7.0,,0.0,0.0,0.010835913312693499,spotify
Gunna,6.0,,0.0,0.0,0.009287925696594427,spotify
Bizarrap,5.0,,0.0,0.0,0.007739938080495356,spotify
Calvin Harris,4.0,,0.0,0.0,0.006191950464396285,spotify
Daddy Yankee,4.0,,0.0,0.0,0.006191950464396285,spotify
Arctic Monkeys,4.0,,0.0,0.0,0.006191950464396285,spotify
Machine Gun Kelly,4.0,,0.0,0.0,0.006191950464396285,spotify
Shawn Mendes,4.0,,0.0,0.0,0.006191950464396285,spotify
XXXTENTACION,4.0,,0.0,0.0,0.006191950464396285,spotify
Nicki Minaj,3.0,,0.0,0.0,0.0046439628482972135,spotify
Tate McRae,3.0,,0.0,0.0,0.0046439628482972135,spotify
Mora,3.0,,0.0,0.0,0.0046439628482972135,spotify
Juice WRLD,3.0,,0.0,0.0,0.0046439628482972135,spotify
Duki,3.0,,0.0,0.0,0.0046439628482972135,spotify
The Chainsmokers,3.0,,0.0,0.0,0.0046439628482972135,spotify
Zé Felipe,3.0,,0.0,0.0,0.0046439628482972135,spotify
Adele,3.0,,0.0,0.0,0.0046439628482972135,spotify
Morgan Wallen,3.0,,0.0,0.0,0.0046439628482972135,spotify
Tiago PZK,3.0,,0.0,0.0,0.0046439628482972135,spotify
J Balvin,3.0,,0.0,0.0,0.0046439628482972135,spotify
TINI,3.0,,0.0,0.0,0.0046439628482972135,spotify
Pharrell Williams,3.0,,0.0,0.0,0.0046439628482972135,spotify
Kanye West,3.0,,0.0,0.0,0.0046439628482972135,spotify
Dr. Dre,2.0,,0.0,0.0,0.0030959752321981426,spotify
Paulo Londra,2.0,,0.0,0.0,0.0030959752321981426,spotify
Lewis Capaldi,2.0,,0.0,0.0,0.0030959752321981426,spotify
OneRepublic,2.0,,0.0,0.0,0.0030959752321981426,spotify
Tyler,2.0,,0.0,0.0,0.0030959752321981426,spotify
Jessica Darrow,2.0,,0.0,0.0,0.0030959752321981426,spotify
Avicii,2.0,,0.0,0.0,0.0030959752321981426,spotify
Polimá Westcoast,2.0,,0.0,0.0,0.0030959752321981426,spotify
Feid,2.0,,0.0,0.0,0.0030959752321981426,spotify
Lauren Spencer Smith,2.0,,0.0,0.0,0.0030959752321981426,spotify
NewJeans,2.0,,0.0,0.0,0.0030959752321981426,spotify
Fivio Foreign,2.0,,0.0,0.0,0.0030959752321981426,spotify
Stephanie Beatriz,2.0,,0.0,0.0,0.0030959752321981426,spotify
Lady Gaga,2.0,,0.0,0.0,0.0030959752321981426,spotify
Coldplay,2.0,,0.0,0.0,0.0030959752321981426,spotify
Nirvana,2.0,,0.0,0.0,0.0030959752321981426,spotify
Marília Mendonça,2.0,,0.0,0.0,0.0030959752321981426,spotify
Ryan Castro,2.0,,0.0,0.0,0.0030959752321981426,spotify
IVE,2.0,,0.0,0.0,0.0030959752321981426,spotify
Sebastian Yatra,2.0,,0.0,0.0,0.0030959752321981426,spotify
Lana Del Rey,2.0,,0.0,0.0,0.0030959752321981426,spotify
BoyWithUke,2.0,,0.0,0.0,0.0030959752321981426,spotify
j-hope,2.0,,0.0,0.0,0.0030959752321981426,spotify
Sleepy Hallow,2.0,,0.0,0.0,0.0030959752321981426,spotify
PSY,1.0,,0.0,0.0,0.0015479876160990713,spotify
Gusttavo Lima,1.0,,0.0,0.0,0.0015479876160990713,spotify
Diane Guerrero,1.0,,0.0,0.0,0.0015479876160990713,spotify
Jovem Dionisio,1.0,,0.0,0.0,0.0015479876160990713,spotify
George Henrique & Rodrigo,1.0,,0.0,0.0,0.0015479876160990713,spotify
Jax Jones,1.0,,0.0,0.0,0.0015479876160990713,spotify
The Goo Goo Dolls,1.0,,0.0,0.0,0.0015479876160990713,spotify
Luciano,1.0,,0.0,0.0,0.0015479876160990713,spotify
Victor Cibrian,1.0,,0.0,0.0,0.0015479876160990713,spotify
TWICE,1.0,,0.0,0.0,0.0015479876160990713,spotify
Red Velvet,1.0,,0.0,0.0,0.0015479876160990713,spotify
Morat,1.0,,0.0,0.0,0.0015479876160990713,spotify
LE SSERAFIM,1.0,,0.0,0.0,0.0015479876160990713,spotify
Leah Kate,1.0,,0.0,0.0,0.0015479876160990713,spotify
John Legend,1.0,,0.0,0.0,0.0015479876160990713,spotify
Matheus Fernandes,1.0,,0.0,0.0,0.0015479876160990713,spotify
Kevin Kaarl,1.0,,0.0,0.0,0.0015479876160990713,spotify
Foo Fighters,1.0,,0.0,0.0,0.0015479876160990713,spotify
Jason Derulo,1.0,,0.0,0.0,0.0015479876160990713,spotify
Yahritza Y Su Esencia,1.0,,0.0,0.0,0.0015479876160990713,spotify
NIKI,1.0,,0.0,0.0,0.0015479876160990713,spotify
Baby Keem,1.0,,0.0,0.0,0.0015479876160990713,spotify
Trueno,1.0,,0.0,0.0,0.0015479876160990713,spotify
Boza,1.0,,0.0,0.0,0.0015479876160990713,spotify
Alesso,1.0,,0.0,0.0,0.0015479876160990713,spotify
Playboi Carti,1.0,,0.0,0.0,0.0015479876160990713,spotify
Fireboy DML,1.0,,0.0,0.0,0.0015479876160990713,spotify
DJ Matt D,1.0,,0.0,0.0,0.0015479876160990713,spotify
Giveon,1.0,,0.0,0.0,0.0015479876160990713,spotify
Travis Scott,1.0,,0.0,0.0,0.0015479876160990713,spotify
Nio Garcia,1.0,,0.0,0.0,0.0015479876160990713,spotify
Kep1er,1.0,,0.0,0.0,0.0015479876160990713,spotify
Duncan Laurence,1.0,,0.0,0.0,0.0015479876160990713,spotify
Stromae,1.0,,0.0,0.0,0.0015479876160990713,spotify
Mari Fernandez,1.0,,0.0,0.0,0.0015479876160990713,spotify
Edison Lighthouse,1.0,,0.0,0.0,0.0015479876160990713,spotify
Joel Corry,1.0,,0.0,0.0,0.0015479876160990713,spotify
Jhay Cortez,1.0,,0.0,0.0,0.0015479876160990713,spotify
Jessi,1.0,,0.0,0.0,0.0015479876160990713,spotify
Mac Miller,1.0,,0.0,0.0,0.0015479876160990713,spotify
King Von,1.0,,0.0,0.0,0.0015479876160990713,spotify
La rappresentante di lista,1.0,,0.0,0.0,0.0015479876160990713,spotify
ENHYPEN,1.0,,0.0,0.0,0.0015479876160990713,spotify
Rkomi,1.0,,0.0,0.0,0.0015479876160990713,spotify
sangiovanni,1.0,,0.0,0.0,0.0015479876160990713,spotify
DJ Robin,1.0,,0.0,0.0,0.0015479876160990713,spotify
MC Tairon,1.0,,0.0,0.0,0.0015479876160990713,spotify
thasup,1.0,,0.0,0.0,0.0015479876160990713,spotify
Nessa Barrett,1.0,,0.0,0.0,0.0015479876160990713,spotify
Jung Kook,1.0,,0.0,0.0,0.0015479876160990713,spotify
SiM,1.0,,0.0,0.0,0.0015479876160990713,spotify
A$AP Rocky,1.0,,0.0,0.0,0.0015479876160990713,spotify
Russ,1.0,,0.0,0.0,0.0015479876160990713,spotify
Irama,1.0,,0.0,0.0,0.0015479876160990713,spotify
Luar La L,1.0,,0.0,0.0,0.0015479876160990713,spotify
Ghost,1.0,,0.0,0.0,0.0015479876160990713,spotify
Kordhell,1.0,,0.0,0.0,0.0015479876160990713,spotify
La Adictiva Banda San José de Mesillas,1.0,,0.0,0.0,0.0015479876160990713,spotify
Beach Weather,1.0,,0.0,0.0,0.0015479876160990713,spotify
Black Eyed Peas,1.0,,0.0,0.0,0.0015479876160990713,spotify
Omah Lay,1.0,,0.0,0.0,0.0015479876160990713,spotify
Dominic Fike,1.0,,0.0,0.0,0.0015479876160990713,spotify
Miksu / Macloud,1.0,,0.0,0.0,0.0015479876160990713,spotify
Luke Combs,1.0,,0.0,0.0,0.0015479876160990713,spotify
MC Rogerinho,1.0,,0.0,0.0,0.0015479876160990713,spotify
Dj Guuga,1.0,,0.0,0.0,0.0015479876160990713,spotify
Jorge & Mateus,1.0,,0.0,0.0,0.0015479876160990713,spotify
David Kushner,1.0,,0.0,0.0,0.0015479876160990713,spotify
Vundabar,1.0,,0.0,0.0,0.0015479876160990713,spotify
Red Hot Chili Peppers,1.0,,0.0,0.0,0.0015479876160990713,spotify
Musical Youth,1.0,,0.0,0.0,0.0015479876160990713,spotify
Matuê,1.0,,0.0,0.0,0.0015479876160990713,spotify
Childish Gambino,1.0,,0.0,0.0,0.0015479876160990713,spotify
Sidhu Moose Wala,1.0,,0.0,0.0,0.0015479876160990713,spotify
Ak4:20,1.0,,0.0,0.0,0.0015479876160990713,spotify
Kehlani,1.0,,0.0,0.0,0.0015479876160990713,spotify
Teto,1.0,,0.0,0.0,0.0015479876160990713,spotify
BIGBANG,1.0,,0.0,0.0,0.0015479876160990713,spotify
Lord Huron,1.0,,0.0,0.0,0.0015479876160990713,spotify
Chefin,1.0,,0.0,0.0,0.0015479876160990713,spotify
Muni Long,1.0,,0.0,0.0,0.0015479876160990713,spotify
Chase Atlantic,1.0,,0.0,0.0,0.0015479876160990713,spotify
Alvaro Diaz,1.0,,0.0,0.0,0.0015479876160990713,spotify
V,1.0,,0.0,0.0,0.0015479876160990713,spotify
Lil Baby,1.0,,0.0,0.0,0.0015479876160990713,spotify
Yung Lean,1.0,,0.0,0.0,0.0015479876160990713,spotify
Felipe Amorim,1.0,,0.0,0.0,0.0015479876160990713,spotify
Daft Punk,1.0,,0.0,0.0,0.0015479876160990713,spotify
Jimin,1.0,,0.0,0.0,0.0015479876160990713,spotify
cakal,1.0,,0.0,0.0,0.0015479876160990713,spotify
t-low,1.0,,0.0,0.0,0.0015479876160990713,spotify
Pusha T,1.0,,0.0,0.0,0.0015479876160990713,spotify
Southside,1.0,,0.0,0.0,0.0015479876160990713,spotify
Alonzo,1.0,,0.0,0.0,0.0015479876160990713,spotify
KALUSH,1.0,,0.0,0.0,0.0015479876160990713,spotify
My Chemical Romance,1.0,,0.0,0.0,0.0015479876160990713,spotify
Chanel,1.0,,0.0,0.0,0.0015479876160990713,spotify
Sam Ryder,1.0,,0.0,0.0,0.0015479876160990713,spotify
Mahmood,1.0,,0.0,0.0,0.0015479876160990713,spotify
Lasso,1.0,,0.0,0.0,0.0015479876160990713,spotify
Aventura,1.0,,0.0,0.0,0.0015479876160990713,spotify
Kodak Black,1.0,,0.0,0.0,0.0015479876160990713,spotify
The Rare Occasions,1.0,,0.0,0.0,0.0015479876160990713,spotify
Swedish House Mafia,1.0,,0.0,0.0,0.0015479876160990713,spotify
Alejo,1.0,,0.0,0.0,0.0015479876160990713,spotify
Xamã,1.0,,0.0,0.0,0.0015479876160990713,spotify
J. Cole,1.0,,0.0,0.0,0.0015479876160990713,spotify
TREASURE,1.0,,0.0,0.0,0.0015479876160990713,spotify
Danny Ocean,1.0,,0.0,0.0,0.0015479876160990713,spotify
Davi Kneip,1.0,,0.0,0.0,0.0015479876160990713,spotify
Christian Nodal,1.0,,0.0,0.0,0.0015479876160990713,spotify
C. Tangana,1.0,,0.0,0.0,0.0015479876160990713,spotify
Sia,1.0,,0.0,0.0,0.0015479876160990713,spotify
Kevin Gates,1.0,,0.0,0.0,0.0015479876160990713,spotify
Coolio,1.0,,0.0,0.0,0.0015479876160990713,spotify
Vance Joy,1.0,,0.0,0.0,0.0015479876160990713,spotify
Queen,1.0,,0.0,0.0,0.0015479876160990713,spotify
Sean Paul,1.0,,0.0,0.0,0.0015479876160990713,spotify
Rvssian,1.0,,0.0,0.0,0.0015479876160990713,spotify
The Killers,1.0,,0.0,0.0,0.0015479876160990713,spotify
4*TOWN (From Disney and Pixar’s Turning Red),1.0,,0.0,0.0,0.0015479876160990713,spotify
AnnenMayKantereit,1.0,,0.0,0.0,0.0015479876160990713,spotify
Em Beihold,1.0,,0.0,0.0,0.0015479876160990713,spotify
Conan Gray,1.0,,0.0,0.0,0.0015479876160990713,spotify
Tulus,1.0,,0.0,0.0,0.0015479876160990713,spotify
Cris Mj,1.0,,0.0,0.0,0.0015479876160990713,spotify
Lost Frequencies,1.0,,0.0,0.0,0.0015479876160990713,spotify
Dove Cameron,1.0,,0.0,0.0,0.0015479876160990713,spotify
Jaymes Young,1.0,,0.0,0.0,0.0015479876160990713,spotify
Farruko,1.0,,0.0,0.0,0.0015479876160990713,spotify
The Walters,1.0,,0.0,0.0,0.0015479876160990713,spotify
Tainy,1.0,,0.0,0.0,0.0015479876160990713,spotify
ACRAZE,1.0,,0.0,0.0,0.0015479876160990713,spotify
Carolina Gaitán - La Gaita,1.0,,0.0,0.0,0.0015479876160990713,spotify
Stray Kids,1.0,,0.0,0.0,0.0015479876160990713,spotify
Dave,1.0,,0.0,0.0,0.0015479876160990713,spotify
PEDRO SAMPAIO,1.0,,0.0,0.0,0.0015479876160990713,spotify
Blessd,1.0,,0.0,0.0,0.0015479876160990713,spotify
La Pantera,1.0,,0.0,0.0,0.0015479876160990713,spotify
Demi Lovato,1.0,,0.0,0.0,0.0015479876160990713,spotify
zzoilo,1.0,,0.0,0.0,0.0015479876160990713,spotify
Zion & Lennox,1.0,,0.0,0.0,0.0015479876160990713,spotify
UZI,1.0,,0.0,0.0,0.0015479876160990713,spotify
Eden Muñoz,1.0,,0.0,0.0,0.0015479876160990713,spotify
Hozier,1.0,,0.0,0.0,0.0015479876160990713,spotify
50 Cent,1.0,,0.0,0.0,0.0015479876160990713,spotify
The Game,1.0,,0.0,0.0,0.0015479876160990713,spotify
Chris Jedi,1.0,,0.0,0.0,0.0015479876160990713,spotify
Metallica,1.0,,0.0,0.0,0.0015479876160990713,spotify
Imanbek,1.0,,0.0,0.0,0.0015479876160990713,spotify
Burna Boy,1.0,,0.0,0.0,0.0015479876160990713,spotify
Tears For Fears,1.0,,0.0,0.0,0.0015479876160990713,spotify
Paloma Faith,1.0,,0.0,0.0,0.0015479876160990713,spotify
The Police,1.0,,0.0,0.0,0.0015479876160990713,spotify
Benson Boone,1.0,,0.0,0.0,0.0015479876160990713,spotify
Mr.Kitty,1.0,,0.0,0.0,0.0015479876160990713,spotify
One Direction,1.0,,0.0,0.0,0.0015479876160990713,spotify
Seafret,1.0,,0.0,0.0,0.0015479876160990713,spotify
Rema,1.0,,0.0,0.0,0.0015479876160990713,spotify
NAYEON,1.0,,0.0,0.0,0.0015479876160990713,spotify
Cigarettes After Sex,1.0,,0.0,0.0,0.0015479876160990713,spotify
Grupo Marca Registrada,1.0,,0.0,0.0,0.0015479876160990713,spotify
Guns N' Roses,1.0,,0.0,0.0,0.0015479876160990713,spotify
David Guetta,1.0,,0.0,0.0,0.0015479876160990713,spotify
Rex Orange County,1.0,,0.0,0.0,0.0015479876160990713,spotify
Ezhel,1.0,,0.0,0.0,0.0015479876160990713,spotify
NAV,1.0,,0.0,0.0,0.0015479876160990713,spotify
Ana Castela,1.0,,0.0,0.0,0.0015479876160990713,spotify
Troye Sivan,1.0,,0.0,0.0,0.0015479876160990713,spotify
Sofia Carson,1.0,,0.0,0.0,0.0015479876160990713,spotify
Shae Gill,1.0,,0.0,0.0,0.0015479876160990713,spotify
Luísa Sonza,1.0,,0.0,0.0,0.0015479876160990713,spotify
L7NNON,1.0,,0.0,0.0,0.0015479876160990713,spotify
Rels B,1.0,,0.0,0.0,0.0015479876160990713,spotify
Hugo & Guilherme,1.0,,0.0,0.0,0.0015479876160990713,spotify
Pritam,1.0,,0.0,0.0,0.0015479876160990713,spotify
JVKE,1.0,,0.0,0.0,0.0015479876160990713,spotify
Tones And I,1.0,,0.0,0.0,0.0015479876160990713,spotify
Dímelo Flow,1.0,,0.0,0.0,0.0015479876160990713,spotify
Tyga,1.0,,0.0,0.0,0.0015479876160990713,spotify
AP Dhillon,1.0,,0.0,0.0,0.0015479876160990713,spotify
Gesaffelstein,1.0,,0.0,0.0,0.0015479876160990713,spotify
Macklemore & Ryan Lewis,1.0,,0.0,0.0,0.0015479876160990713,spotify
Yeat,1.0,,0.0,0.0,0.0015479876160990713,spotify
(G)I-DLE,1.0,,0.0,0.0,0.0015479876160990713,spotify
Gabry Ponte,1.0,,0.0,0.0,0.0015479876160990713,spotify
Luan Santana,1.0,,0.0,0.0,0.0015479876160990713,spotify
Beach House,1.0,,0.0,0.0,0.0015479876160990713,spotify
James Arthur,1.0,,0.0,0.0,0.0015479876160990713,spotify
Manuel Turizo,1.0,,0.0,0.0,0.0015479876160990713,spotify
KAROL G,1.0,,0.0,0.0,0.0015479876160990713,spotify
benny blanco,1.0,,0.0,0.0,0.0015479876160990713,spotify
Central Cee,1.0,,0.0,0.0,0.0015479876160990713,spotify
DJ Khaled,1.0,,0.0,0.0,0.0015479876160990713,spotify
Shakira,1.0,,0.0,0.0,0.0015479876160990713,spotify
Chris Brown,1.0,,0.0,0.0,0.0015479876160990713,spotify
James Hype,1.0,,0.0,0.0,0.0015479876160990713,spotify
Coopex,,6.0,0.0,0.0,0.022813688212927757,tiktok
Dame Dame,,5.0,0.0,0.0,0.019011406844106463,tiktok
Farux,,4.0,0.0,0.0,0.015209125475285171,tiktok
Alex Alexander,,4.0,0.0,0.0,0.015209125475285171,tiktok
YES YES,,4.0,0.0,0.0,0.015209125475285171,tiktok
Nito-Onna,,3.0,0.0,0.0,0.011406844106463879,tiktok
Pop Smoke,,3.0,0.0,0.0,0.011406844106463879,tiktok
Alex D'Rosso,,3.0,0.0,0.0,0.011406844106463879,tiktok
Astelle,,3.0,0.0,0.0,0.011406844106463879,tiktok
Lucas Estrada,,2.0,0.0,0.0,0.0076045627376425855,tiktok
P.S.,,2.0,0.0,0.0,0.0076045627376425855,tiktok
LANDR,,2.0,0.0,0.0,0.0076045627376425855,tiktok
CPX,,2.0,0.0,0.0,0.0076045627376425855,tiktok
Saweetie,,2.0,0.0,0.0,0.0076045627376425855,tiktok
blackbear,,2.0,0.0,0.0,0.0076045627376425855,tiktok
DaBaby,,2.0,0.0,0.0,0.0076045627376425855,tiktok
Kali Uchis,,1.0,0.0,0.0,0.0038022813688212928,tiktok
Blanco Brown,,1.0,0.0,0.0,0.0038022813688212928,tiktok
sad girls,,1.0,0.0,0.0,0.0038022813688212928,tiktok
Yusuf Alev,,1.0,0.0,0.0,0.0038022813688212928,tiktok
Tame Impala,,1.0,0.0,0.0,0.0038022813688212928,tiktok
Alfons,,1.0,0.0,0.0,0.0038022813688212928,tiktok
Peachy!,,1.0,0.0,0.0,0.0038022813688212928,tiktok
Jawsh 685,,1.0,0.0,0.0,0.0038022813688212928,tiktok
Nadia Gattas,,1.0,0.0,0.0,0.0038022813688212928,tiktok
Kauai45,,1.0,0.0,0.0,0.0038022813688212928,tiktok
Gym Class Heroes,,1.0,0.0,0.0,0.0038022813688212928,tiktok
VANO 3000,,1.0,0.0,0.0,0.0038022813688212928,tiktok
Xilo,,1.0,0.0,0.0,0.0038022813688212928,tiktok
Suki Waterhouse,,1.0,0.0,0.0,0.0038022813688212928,tiktok
Kayla Nicole,,1.0,0.0,0.0,0.0038022813688212928,tiktok
Michael Shynes,,1.0,0.0,0.0,0.0038022813688212928,tiktok
Senhit,,1.0,0.0,0.0,0.0038022813688212928,tiktok
CJ,,1.0,0.0,0.0,0.0038022813688212928,tiktok
BØRNS,,1.0,0.0,0.0,0.0038022813688212928,tiktok
Bee Gees,,1.0,0.0,0.0,0.0038022813688212928,tiktok
Internet Money,,1.0,0.0,0.0,0.0038022813688212928,tiktok
Ritt Momney,,1.0,0.0,0.0,0.0038022813688212928,tiktok
Ana Shine,,1.0,0.0,0.0,0.0038022813688212928,tiktok
S1mba,,1.0,0.0,0.0,0.0038022813688212928,tiktok
Nander,,1.0,0.0,0.0,0.0038022813688212928,tiktok
Lil Mosey,,1.0,0.0,0.0,0.0038022813688212928,tiktok
Roddy Ricch,,1.0,0.0,0.0,0.0038022813688212928,tiktok
LeXxìv,,1.0,0.0,0.0,0.0038022813688212928,tiktok
BENEE,,1.0,0.0,0.0,0.0038022813688212928,tiktok
Xtinctor,,1.0,0.0,0.0,0.0038022813688212928,tiktok
Rich The Kid,,1.0,0.0,0.0,0.0038022813688212928,tiktok
The Prince Karma,,1.0,0.0,0.0,0.0038022813688212928,tiktok
Surfaces,,1.0,0.0,0.0,0.0038022813688212928,tiktok
Trevor Daniel,,1.0,0.0,0.0,0.0038022813688212928,tiktok
Powfu,,1.0,0.0,0.0,0.0038022813688212928,tiktok
Faruk Orman,,1.0,0.0,0.0,0.0038022813688212928,tiktok
Lil Uzi Vert,,1.0,0.0,0.0,0.0038022813688212928,tiktok
Breakbot,,1.0,0.0,0.0,0.0038022813688212928,tiktok
JACKBOYS,,1.0,0.0,0.0,0.0038022813688212928,tiktok
Martin van Lectro,,1.0,0.0,0.0,0.0038022813688212928,tiktok
DripReport,,1.0,0.0,0.0,0.0038022813688212928,tiktok
Arizona Zervas,,1.0,0.0,0.0,0.0038022813688212928,tiktok
Vicetone,,1.0,0.0,0.0,0.0038022813688212928,tiktok
Cabuizee,,1.0,0.0,0.0,0.0038022813688212928,tiktok
Ilkay Sencan,,1.0,0.0,0.0,0.0038022813688212928,tiktok
Gianni Blu,,1.0,0.0,0.0,0.0038022813688212928,tiktok
Bag Raiders,,1.0,0.0,0.0,0.0038022813688212928,tiktok
Braaheim,,1.0,0.0,0.0,0.0038022813688212928,tiktok
Claire Rosinkranz,,1.0,0.0,0.0,0.0038022813688212928,tiktok
Baby Bluu,,1.0,0.0,0.0,0.0038022813688212928,tiktok
Melanie Martinez,,1.0,0.0,0.0,0.0038022813688212928,tiktok
Andrew Nagy,,1.0,0.0,0.0,0.0038022813688212928,tiktok
HOURS,,1.0,0.0,0.0,0.0038022813688212928,tiktok
Conkarah,,1.0,0.0,0.0,0.0038022813688212928,tiktok
Myrrhe,,1.0,0.0,0.0,0.0038022813688212928,tiktok
Quavo,,1.0,0.0,0.0,0.0038022813688212928,tiktok
StaySolidRocky,,1.0,0.0,0.0,0.0038022813688212928,tiktok
Young T & Bugsey,,1.0,0.0,0.0,0.0038022813688212928,tiktok
Boostereo,,1.0,0.0,0.0,0.0038022813688212928,tiktok
THE SCOTTS,,1.0,0.0,0.0,0.0038022813688212928,tiktok
Pia Baris,,1.0,0.0,0.0,0.0038022813688212928,tiktok
JRL,,1.0,0.0,0.0,0.0038022813688212928,tiktok
Jorm,,1.0,0.0,0.0,0.0038022813688212928,tiktok
SAYGRACE,,1.0,0.0,0.0,0.0038022813688212928,tiktok
SoulChef,,1.0,0.0,0.0,0.0038022813688212928,tiktok
Paradigm,,1.0,0.0,0.0,0.0038022813688212928,tiktok
sped up nightcore,,1.0,0.0,0.0,0.0038022813688212928,tiktok
XY&O,,1.0,0.0,0.0,0.0038022813688212928,tiktok
Madonna,,1.0,0.0,0.0,0.0038022813688212928,tiktok
Viva La Panda,,1.0,0.0,0.0,0.0038022813688212928,tiktok
Taylor Watson,,1.0,0.0,0.0,0.0038022813688212928,tiktok
HotBlock Jmoe,,1.0,0.0,0.0,0.0038022813688212928,tiktok
John De Sohn,,1.0,0.0,0.0,0.0038022813688212928,tiktok
Kinrose,,1.0,0.0,0.0,0.0038022813688212928,tiktok
Girll Codee,,1.0,0.0,0.0,0.0038022813688212928,tiktok
Monaldin,,1.0,0.0,0.0,0.0038022813688212928,tiktok
Kreepa,,1.0,0.0,0.0,0.0038022813688212928,tiktok
Jena Rose,,1.0,0.0,0.0,0.0038022813688212928,tiktok
Jt5k,,1.0,0.0,0.0,0.0038022813688212928,tiktok
Disco Lines,,1.0,0.0,0.0,0.0038022813688212928,tiktok
KillBunk,,1.0,0.0,0.0,0.0038022813688212928,tiktok
Arman Aydin,,1.0,0.0,0.0,0.0038022813688212928,tiktok
Matvey Emerson,,1.0,0.0,0.0,0.0038022813688212928,tiktok
Shab,,1.0,0.0,0.0,0.0038022813688212928,tiktok
Tesher,,1.0,0.0,0.0,0.0038022813688212928,tiktok
MØRFI,,1.0,0.0,0.0,0.0038022813688212928,tiktok
Naeleck,,1.0,0.0,0.0,0.0038022813688212928,tiktok
Erica Banks,,1.0,0.0,0.0,0.0038022813688212928,tiktok
Amero,,1.0,0.0,0.0,0.0038022813688212928,tiktok
Glamii,,1.0,0.0,0.0,0.0038022813688212928,tiktok
Padé,,1.0,0.0,0.0,0.0038022813688212928,tiktok
DLAY,,1.0,0.0,0.0,0.0038022813688212928,tiktok
VINAI,,1.0,0.0,0.0,0.0038022813688212928,tiktok
Timemachine,,1.0,0.0,0.0,0.0038022813688212928,tiktok
Madism,,1.0,0.0,0.0,0.0038022813688212928,tiktok
CAZZETTE,,1.0,0.0,0.0,0.0038022813688212928,tiktok
Nathan Evans,,1.0,0.0,0.0,0.0038022813688212928,tiktok
Reyanna Maria,,1.0,0.0,0.0,0.0038022813688212928,tiktok
Jungle Jonsson,,1.0,0.0,0.0,0.0038022813688212928,tiktok
Harddope,,1.0,0.0,0.0,0.0038022813688212928,tiktok
Dirty Heads,,1.0,0.0,0.0,0.0038022813688212928,tiktok
Thatsimo,,1.0,0.0,0.0,0.0038022813688212928,tiktok
Bella Poarch,,1.0,0.0,0.0,0.0038022813688212928,tiktok
loafers,,1.0,0.0,0.0,0.0038022813688212928,tiktok
JAM & Philly,,1.0,0.0,0.0,0.0038022813688212928,tiktok
Duke & Jones,,1.0,0.0,0.0,0.0038022813688212928,tiktok
MISERO,,1.0,0.0,0.0,0.0038022813688212928,tiktok
Trinidad Cardona,,1.0,0.0,0.0,0.0038022813688212928,tiktok
Nippandab,,1.0,0.0,0.0,0.0038022813688212928,tiktok
Asketa & Natan Chaim,,1.0,0.0,0.0,0.0038022813688212928,tiktok
bbno$,,1.0,0.0,0.0,0.0038022813688212928,tiktok
Goya Menor,,1.0,0.0,0.0,0.0038022813688212928,tiktok
Why Not,,1.0,0.0,0.0,0.0038022813688212928,tiktok
Sub Urban,,1.0,0.0,0.0,0.0038022813688212928,tiktok
Lizzo,,,2.0,1.0,0.0030959752321981426,both
Elton John,,,1.0,1.0,0.0015479876160990713,both
Rosa Linn,,,1.0,1.0,0.0015479876160990713,both
Becky G,,,1.0,1.0,0.0015479876160990713,both
Kate Bush,,,1.0,1.0,0.0015479876160990713,both
Lil Tjay,,,1.0,1.0,0.0015479876160990713,both
LF SYSTEM,,,1.0,1.0,0.0015479876160990713,both
Oliver Tree,,,1.0,1.0,0.0015479876160990713,both
Steve Lacy,,,2.0,1.0,0.0030959752321981426,both
Olivia Rodrigo,,,7.0,2.0,0.010835913312693499,both
Post Malone,,,14.0,1.0,0.021671826625386997,both
Masked Wolf,,,1.0,1.0,0.0015479876160990713,both
Camila Cabello,,,2.0,1.0,0.0030959752321981426,both
ROSALÍA,,,7.0,1.0,0.010835913312693499,both
Maroon 5,,,2.0,2.0,0.0030959752321981426,both
24kGoldn,,,1.0,1.0,0.0015479876160990713,both
Billie Eilish,,,6.0,1.0,0.009287925696594427,both
Lil Nas X,,,4.0,4.0,0.006191950464396285,both
Ruth B.,,,1.0,1.0,0.0015479876160990713,both
Amaarae,,,1.0,1.0,0.0015479876160990713,both
Surf Curse,,,1.0,1.0,0.0015479876160990713,both
Future,,,11.0,1.0,0.017027863777089782,both
Tom Odell,,,1.0,1.0,0.0015479876160990713,both
SZA,,,1.0,2.0,0.0015479876160990713,both
Tiësto,,,4.0,2.0,0.006191950464396285,both
The Weeknd,,,27.0,3.0,0.04179566563467492,both
Harry Styles,,,18.0,2.0,0.02786377708978328,both
GAYLE,,,1.0,1.0,0.0015479876160990713,both
Brent Faiyaz,,,2.0,1.0,0.0030959752321981426,both
Jnr Choi,,,1.0,1.0,0.0015479876160990713,both
Yung Gravy,,,1.0,1.0,0.0015479876160990713,both
Anitta,,,2.0,1.0,0.0030959752321981426,both
Ed Sheeran,,,7.0,2.0,0.010835913312693499,both
Justin Bieber,,,4.0,2.0,0.006191950464396285,both
Charlie Puth,,,3.0,1.0,0.0046439628482972135,both
Cardi B,,,1.0,2.0,0.0015479876160990713,both
Glass Animals,,,1.0,1.0,0.0015479876160990713,both
THE ANXIETY,,,1.0,1.0,0.0015479876160990713,both
Elley Duhé,,,1.0,1.0,0.0015479876160990713,both
Joji,,,2.0,1.0,0.0030959752321981426,both
Sofía Reyes,,,1.0,1.0,0.0015479876160990713,both
Bruno Mars,,,6.0,2.0,0.009287925696594427,both
The Neighbourhood,,,3.0,1.0,0.0046439628482972135,both
Dua Lipa,,,3.0,3.0,0.0046439628482972135,both
Måneskin,,,3.0,1.0,0.0046439628482972135,both
Jack Harlow,,,5.0,2.0,0.007739938080495356,both
Stephen Sanchez,,,1.0,1.0,0.0015479876160990713,both
Halsey,,,1.0,1.0,0.0015479876160990713,both
Polo G,,,2.0,1.0,0.0030959752321981426,both
Doja Cat,,,8.0,8.0,0.01238390092879257,both
Riton,,,1.0,1.0,0.0015479876160990713,both
Ariana Grande,,,1.0,3.0,0.0015479876160990713,both
Nicky Youre,,,1.0,1.0,0.0015479876160990713,both
Frank Ocean,,,1.0,1.0,0.0015479876160990713,both
The Kid LAROI,,,2.0,3.0,0.0030959752321981426,both
Marshmello,,,2.0,1.0,0.0030959752321981426,both
WILLOW,,,1.0,1.0,0.0015479876160990713,both
Luude,,,1.0,1.0,0.0015479876160990713,both
NEIKED,,,1.0,1.0,0.0015479876160990713,both
SALES,,,1.0,2.0,0.0015479876160990713,both
CKay,,,2.0,1.0,0.0030959752321981426,both
Rauw Alejandro,,,4.0,1.0,0.006191950464396285,both
Imagine Dragons,,,6.0,1.0,0.009287925696594427,both
Drake,,,18.0,2.0,0.02786377708978328,both
LISA,,,1.0,1.0,0.0015479876160990713,both
Maluma,,,1.0,1.0,0.0015479876160990713,both
Panic! At The Disco,,,1.0,1.0,0.0015479876160990713,both
Megan Thee Stallion,,,1.0,2.0,0.0015479876160990713,both
Emmy Meli,,,1.0,1.0,0.0015479876160990713,both
